word,articles,translation.en,level
Jahr,das,year,3
Mal,das,time,4
Zeit,die,time,5
Beispiel,das,example,5
Deutsch,das,German (language),6
Tag,der,day,6
Frau,die,"woman, wife, Mrs.",6
Kind,das,child,6
Aspekt,der,aspect,6
Mensch,der,"human being, man",6
Mann,der,man,7
Haus,das,house,8
Frage,die,question,8
Land,das,country,8
Prozent,das,percent,9
Leute,die,people,9
Fall,der,"fall, case",9
Hand,die,hand,9
Arbeit,die,work,9
Teil,der/das,"part; particle, piece",10
Problem,das,problem,10
Herr,der,"man, Mr.",10
Stadt,die,"city, town",10
Welt,die,world,10
Ende,das,end,11
Million,die,million,11
Schule,die,school,11
Recht,das,"right, law",11
Woche,die,week,11
Grund,der,"reason, basis",12
Leben,das,life,12
Auge,das,eye,12
Mutter,die,mother,12
Seite,die,"side, page",12
Vater,der,father,12
Art,die,"type, kind",13
Bereich,der,"area, region",13
Weg,der,"path, way",13
Geld,das,money,13
Sache,die,thing,13
Wort,das,word,13
Name,der,name,14
Stunde,die,hour,14
Gesellschaft,die,"society, company",14
Kopf,der,head,14
Geschichte,die,"history, story",14
Bild,das,picture,15
Mark,die,mark (former unit of German currency),15
Paar,das,"pair, couple",15
Möglichkeit,die,possibility,15
Stelle,die,place,15
Unternehmen,das,"enterprise, company",15
Buch,das,book,15
Form,die,"form, shape",15
Wasser,das,water,15
Sinn,der,"sense, meaning",16
Familie,die,family,16
Aufgabe,die,"task, assignment, job",16
Universität,die,university,16
Abend,der,evening,16
Entwicklung,die,development,16
Morgen,der,morning,16
Monat,der,month,16
Nacht,die,night,17
Person,die,person,17
Ziel,das,"destination, goal",17
Ding,das,thing,17
Euro,der,euro (unit of currency),17
Freund,der,friend,17
Blick,der,"look, view, glance",17
Staat,der,state,17
Thema,das,"subject, topic, theme",17
Raum,der,"room, space",17
System,das,system,18
Platz,der,"place, room, square",18
Wert,der,value,18
Uhr,die,"clock, watch, o'clock",18
Zahl,die,number,18
Minute,die,minute,18
Straße,die,street,18
Gruppe,die,group,18
Eltern,die,parents,18
Anfang,der,beginning,19
Ort,der,"place, town, location",19
Gesicht,das,face,19
Sprache,die,language,19
Moment,der,moment,19
Rolle,die,"roll, role",20
Interesse,das,interest,20
Bedeutung,die,"meaning, significance",20
Text,der,text,20
Folge,die,"result, consequence",20
Tür,die,door,20
Milliarde,die,billion,20
Krieg,der,war,20
Schüler,der,"pupil, student",20
Ergebnis,das,result,20
Gespräch,das,conversation,21
Meter,der,meter,21
Wohnung,die,"apartment, flat",21
Stück,das,piece,21
Regierung,die,"rule, government",21
Weise,die,"way, manner",21
Situation,die,situation,22
Abbildung,die,illustration,22
Jahrhundert,das,century,22
Lehrer,der,teacher,22
Begriff,der,"concept, idea, term",22
Punkt,der,"dot, point, period",22
Funktion,die,function,22
Boden,der,"ground, floor, bottom",22
Preis,der,"price, prize",22
Sohn,der,son,22
Kunst,die,art,23
Angst,die,"fear, anxiety",23
Information,die,information,23
Werk,das,work,23
Politik,die,politics,23
Richtung,die,direction,23
Stimme,die,"voice, vote",23
Musik,die,music,23
Programm,das,programme,23
Rahmen,der,"frame, framework",23
Schritt,der,step,24
Gott,der,god,24
Absatz,der,"paragraph, sales, heel",24
Beruf,der,"occupation, job, profession",24
Auto,das,"automobile, car",24
Regel,die,rule,24
Beziehung,die,"relation, relationship",24
Markt,der,market,25
Gefühl,das,feeling,25
Licht,das,light,25
Tisch,der,table,25
Spiel,das,game,25
Präsident,der,president,25
Zukunft,die,future,25
Erfahrung,die,experience,25
Partei,die,(political) party,25
Bank,die,1) bank; 2) bench,25
Tochter,die,daughter,25
Mädchen,das,girl,26
Kirche,die,church,26
Verhältnis,das,relationship,26
Doktor,der,doctor,26
Gedanke,der,thought,26
Film,der,film,26
Zusammenhang,der,"connection, context",27
Gesetz,das,law,27
Firma,die,"firm, company",27
Student,der,student,27
Entscheidung,die,decision,27
Prozess,der,"trial, process",27
Arm,der,arm,27
Kraft,die,"power, strength",27
September,der,September,27
Betrieb,der,"business, operation",27
Zeitung,die,newspaper,28
Angebot,das,offer,28
Grenze,die,"border, frontier",28
Chance,die,chance,28
Satz,der,sentence,28
Zuhause,das,home,28
Erfolg,der,success,28
Mitglied,das,member,29
Leistung,die,performance,29
Lage,die,"situation, location",29
Pro,das,pro,29
Projekt,das,project,29
Kultur,die,culture,29
Auftreten,das,"behaviour, conduct",30
Verhalten,das,behaviour,30
Arzt,der,"physician, doctor",30
Zimmer,das,room,30
Körper,der,body,30
Fuß,der,foot,30
Klasse,die,class,30
Zug,der,train,30
Chef,der,"director, boss",30
Lösung,die,solution,30
Fenster,das,window,31
Junge,der,boy,31
Produkt,das,product,31
Studium,das,"study, studies",31
Höhe,die,"height, altitude",31
Vergleich,der,comparison,31
Idee,die,idea,31
Luft,die,air,31
Englisch,das,English (language),31
Französisch,das,French (language),31
Meinung,die,opinion,31
Natur,die,nature,32
Bett,das,bed,32
Wirtschaft,die,"economy, commerce",32
Spaß,der,fun,32
Modell,das,model,32
Geschäft,das,"business, store, shop",32
Bewegung,die,"movement, motion",32
Mittel,das,means,32
Kunde,der,"customer, client",32
Tier,das,animal,32
Mitarbeiter,der,"employee, co-worker",32
Tod,der,death,32
Dorf,das,village,33
Bruder,der,brother,33
Angabe,die,"information, statement",33
Verfügung,die,disposal,33
Gast,der,guest,33
Sicherheit,die,"security, safety",33
Dank,der,gratefulness,33
Kollege,der,colleague,33
Gebiet,das,"area, region",33
Einsatz,der,"use, commitment, inset, development",33
Unterschied,der,difference,34
Anwendung,die,"application, use",34
Vorstellung,die,"idea, introduction",34
Kontakt,der,contact,34
Fach,das,"compartment, subject",34
Menge,die,"quantity, amount",34
Verbindung,die,"connection, link",34
Sommer,der,summer,34
Anspruch,der,claim,34
Herz,das,heart,34
Antwort,die,"answer, reply",34
Ausbildung,die,"training, development",35
Alter,das,age,35
Kilometer,der,kilometre,35
Vertrag,der,contract,35
Hilfe,die,help,35
Dollar,der,dollar,35
Verfahren,das,"method, process, technique",35
Theater,das,theater,35
Gefahr,die,danger,35
Patient,der,patient,35
Kosten,die,"costs, expenses",35
Polizei,die,police,35
Computer,der,computer,35
Gerät,das,"tool, piece of equipment, appliance",35
Oktober,der,October,36
Reihe,die,"row, line",36
Stoff,der,"material, substance",36
Mitte,die,middle,36
Glück,das,"luck, fortune",36
Maßnahme,die,measure (long form),36
Westen,der,west,36
Ordnung,die,"order, tidiness",36
Beginn,der,beginning,36
Wochenende,das,weekend,36
Professor,der,professor,36
Osten,der,east,37
Reise,die,"journey, trip",37
Einheit,die,"unity, unit",37
Institut,das,institute,37
Bevölkerung,die,population,37
Erde,die,"earth, ground, soil",37
Schwester,die,sister,37
Ebene,die,"plane, level",37
Wahl,die,"choice, election",38
Bedingung,die,"condition, stipulation",38
Lächeln,das,smile,38
Struktur,die,structure,38
Prinzip,das,principle,38
Risiko,das,risk,38
Vorteil,der,advantage,38
Haar,das,hair,38
Wirkung,die,effect,38
Montag,der,Monday,38
Nähe,die,"vicinity, proximity",38
Autor,der,author,38
Sonntag,der,Sunday,39
Größe,die,"size, height",39
Medien,die,media,39
Untersuchung,die,"examination, investigation",39
Veränderung,die,change,39
Daten,die,data,39
Organisation,die,organization,39
Einfluss,der,influence,39
Macht,die,"power, strength",39
Methode,die,method,39
Brief,der,letter,39
Sport,der,sport,40
Augenblick,der,moment,40
Diskussion,die,discussion,40
Liebe,die,love,40
Technik,die,"technique, technology",40
Versuch,der,"attempt, experiment",40
Kreis,der,"circle, district",40
Forderung,die,"demand, claim",40
Rede,die,"speech, talk",40
Tätigkeit,die,activity,41
Krankheit,die,"illness, disease",41
Eindruck,der,impression,41
Voraussetzung,die,"condition, requirement",41
Kampf,der,"fight, struggle",41
Schwierigkeit,die,difficulty,41
Schweigen,das,silence,41
Künstler,der,artist,41
Region,die,region,41
Beitrag,der,contribution,42
Konzept,das,"concept, draft, plan",42
Mund,der,mouth,42
Wunsch,der,wish,42
Artikel,der,article,42
Reaktion,die,reaction,42
Linie,die,line,42
Rücken,der,back (of the body),43
Kapitel,das,chapter,43
Literatur,die,literature,43
Aussage,die,statement,43
Bürger,der,citizen,43
Wand,die,wall,43
Jugendliche,der/die,adolescent,43
Gegensatz,der,"opposite, contrast (not Gegenteil)",43
Inhalt,der,"contents, plot",43
Farbe,die,color,43
Himmel,der,"sky, heaven",43
Bibliothek,die,library,43
Zelle,die,cell,43
Kenntnis,die,knowledge,44
Ansatz,der,"approach, attempt",44
Papier,das,paper,44
Erinnerung,die,memory,44
Maß,das,measure (short form),44
Kurs,der,"course, exchange rate",44
Umstand,der,circumstance,44
Sekunde,die,second,44
Sonne,die,sun,44
Bein,das,leg,44
Essen,das,food,45
Grundlage,die,basis,45
Wirklichkeit,die,reality,45
Küche,die,"kitchen, cuisine",45
Wissenschaft,die,science,45
Hälfte,die,half,45
Garten,der,garden,45
Druck,der,"pressure, printing",45
Zustand,der,"condition, state",45
Meer,das,"sea, ocean",45
Zeitpunkt,der,"moment, (point in) time",46
Plan,der,plan,46
Hinweis,der,hint,46
Auftrag,der,"instructions, order, job",46
Baum,der,tree,46
Dienst,der,"service, duty",46
Gegenstand,der,object,46
Freude,die,joy,46
Gemeinde,die,"community, municipality",46
November,der,November,47
Position,die,position,47
Netz,das,net,47
Forschung,die,research,47
Wald,der,"forest, woods",47
Bundesrepublik,die,Federal Republic,47
Praxis,die,"practice, doctor's office",47
Schluss,der,"end, conclusion",47
Haut,die,skin,47
Glas,das,glass,47
Maschine,die,machine,48
Nummer,die,number,48
Finger,der,finger,48
Russisch,das,Russian (language),48
Titel,der,title,48
Roman,der,novel,48
Hund,der,dog,48
Sicht,die,"view, visibility",48
Ausdruck,der,"term, expression",48
Politiker,der,politician,48
Theorie,die,theory,48
Team,das,team,48
Umwelt,die,environment,48
Verein,der,"association, club",48
Freundin,die,friend,48
Haushalt,der,"household, budget",48
Dienstag,der,Tuesday,48
Material,das,material,49
Tatsache,die,fact,49
Wagen,der,"car, carriage",49
Unterstützung,die,support,49
Schulter,die,shoulder,49
Umgebung,die,surroundings,49
Rest,der,"rest, remains",49
Produktion,die,production,49
Sorge,die,worry,49
Soldat,der,soldier,49
Fernsehen,das,television,49
Ruhe,die,"silence, peace",49
Volk,das,"people, nation",49
Zeichen,das,sign,49
Schaden,der,damage,49
Mittwoch,der,Wednesday,50
Energie,die,energy,50
Zweck,der,purpose,50
Angriff,der,attack,50
Grad,der/das,degree,50
Öffentlichkeit,die,public,50
Schutz,der,protection,50
Anteil,der,"share, portion",50
Job,der,job,50
Besuch,der,visit,50
Wind,der,wind,50
Antrag,der,application,50
Erklärung,die,explanation,50
Beschäftigte,der/die,employee,50
Unterricht,der,"instruction, classes",51
Amt,das,"office, department, function",51
Gang,der,"corridor, aisle, course",51
Behandlung,die,treatment,51
Feld,das,field,51
Einrichtung,die,"institution, furnishings",51
Lauf,der,"course, running",51
Zentrum,das,centre,51
Anschlag,der,attack,51
Ausland,das,foreign countries,51
Faktor,der,factor,52
Erkenntnis,die,"realisation, discovery",52
Spur,die,"track, lane",52
Hotel,das,hotel,52
Fehler,der,"mistake, error",52
Publikum,das,"public, audience",52
Berg,der,"hill, mountain",52
Analyse,die,analysis,52
Hochschule,die,"college, university",52
Studie,die,study,52
Vorsitzende,der/die,chair person,52
Freizeit,die,spare time,53
Partner,der,partner,53
Freiheit,die,freedom,53
Kritik,die,"criticism, review",53
See,die/der,sea; lake,53
Typ,der,"type, guy",53
Gegend,die,"area, region",53
Ereignis,das,event,53
Arbeitsplatz,der,"workplace, job",54
Objekt,das,object,54
Sprecher,der,speaker,54
Verantwortung,die,responsibility,54
Fähigkeit,die,"ability, capability",54
Aufnahme,die,"reception, recording, snapshot",54
Kontrolle,die,"control, inspection",54
Opfer,das,"sacrifice, victim",54
Wahrheit,die,truth,54
Urlaub,der,"holidays, vacation",54
Gebäude,das,building,54
Karte,die,"card, ticket, menu",54
Jahrzehnt,das,decade,55
Prüfung,die,"examination, test",55
Regelung,die,"regulation, settlement",55
Gesellschafter,der,"associate, shareholder",55
Bezug,der,"reference, cover",55
Ausstellung,die,exhibition,55
Norden,der,north,55
Hoffnung,die,hope,55
Bitte,die,request,55
Schiff,das,ship,55
Ohr,das,ear,55
Tat,die,"deed, act",56
Gewinn,der,"profit, gain",56
Band,das/der/die,"ribbon, tape; volume, tome; band (musical)",56
Einstellung,die,"setting, attitude, employment",56
Bericht,der,report,56
König,der,king,56
Mai,der,May,56
Sieg,der,victory,56
Gericht,das,1) court; 2) dish,56
Bund,der,"association, alliance",57
Traum,der,dream,57
Vergangenheit,die,past,57
Direktor,der,director,57
Qualität,die,quality,57
Besucher,der,visitor,57
Abschnitt,der,"portion, section",57
Union,die,union,57
Geographie,die,geography,57
Hintergrund,der,background,57
Rand,der,edge,57
Amerikaner,der,American,57
Verlust,der,loss,58
Bauer,der,farmer,58
Freitag,der,Friday,58
Ehe,die,marriage,58
Winter,der,winter,58
Ursache,die,cause,58
Zuschauer,der,"spectator, viewer",58
Anzahl,die,"quantity, number",58
Pflanze,die,plant,59
Samstag,der,Saturday,59
Störung,die,"disturbance, interruption",59
Generation,die,generation,59
Eigenschaft,die,"property, quality, feature",59
Vorschlag,der,"suggestion, proposal",59
Januar,der,January,59
Vertreter,der,representative,59
Bildung,die,education,59
Zentimeter,der,centimetre,59
Nachricht,die,"news, message",59
Insel,die,island,59
Instrument,das,instrument,59
Abstand,der,"distance, gap",59
Leiter,der/die,"leader; ladder",59
Geist,der,"ghost, mind, spirit",60
Semester,das,semester,60
Stand,der,"stand, stage",60
Dezember,der,December,60
Abschluss,der,"end, conclusion",60
Tradition,die,tradition,60
Interview,das,interview,60
Blatt,das,"sheet, leaf",60
Donnerstag,der,Thursday,60
Basis,die,basis,61
Bühne,die,stage,61
Museum,das,museum,61
Element,das,element,61
Mama,die,mamma,61
Nutzung,die,use,61
Dame,die,lady,61
Behörde,die,"department, authorities",61
Kommunikation,die,communication,61
Anlage,die,"(sports) complex, investment, attachment",61
Hof,der,"courtyard, yard",61
Gelegenheit,die,opportunity,61
Terror,der,terror,62
Verständnis,das,understanding,62
Bürgermeister,der,mayor,62
Ecke,die,corner,62
Auseinandersetzung,die,"argument, quarrel",62
Ansicht,die,"opinion, view",62
Herbst,der,autumn,62
Definition,die,definition,62
Kriterium,das,criterion,62
Bahn,die,"train, railway, way",62
Jude,der,Jew,62
Zusammenarbeit,die,"cooperation, collaboration",62
Masse,die,"mass, crowd",63
Veranstaltung,die,event,63
Nation,die,nation,63
Hobby,das,hobby,63
Bau,der,"construction, building",63
Änderung,die,change,63
Ausnahme,die,exception,63
Flugzeug,das,airplane,63
Stein,der,"rock, stone",63
Foto,das,photo,63
Phase,die,phase,63
Ton,der,"1) sound, tone; 2) clay",63
Italienisch,das,Italian (language),64
Landschaft,die,"landscape, countryside",64
Konflikt,der,conflict,64
Lust,die,desire,64
Mehrheit,die,majority,64
Leitung,die,"1) management, leadership; 2) pipe",64
Kandidat,der,candidate,64
Franken,der,(Swiss) franc,64
Kaffee,der,coffee,64
Aktivität,die,activity,64
Fest,das,"festival, celebration (not Festival)",64
Dach,das,roof,64
Rechnung,die,"bill, calculation",64
Schloss,das,1) lock; 2) castle,64
Nachmittag,der,afternoon,64
Mannschaft,die,"crew, team",65
Stern,der,star,65
Runde,die,round,65
Laden,der,shop,65
Experte,der,expert,65
Meister,der,master,65
Mauer,die,wall,65
Gestalt,die,"shape, form, figure",65
Figur,die,figure,66
Büro,das,office,66
Frieden,der,peace,66
Umgang,der,"dealings, contact",66
Industrie,die,industry,66
Branche,die,"branch, sector, line of business",66
Zugang,der,access (not Zugriff),66
Stellung,die,"position, standing",66
Vorgang,der,1) occurence; 2) process,66
Darstellung,die,"presentation, description",66
Wachstum,das,growth,66
Dauer,die,"length (of time), duration",67
Szene,die,scene,67
Lager,das,1) camp; 2) storeroom,67
Strecke,die,"distance, route",67
Blut,das,blood,67
Schatten,der,"shadow, shade",67
Lehre,die,"apprenticeship, lesson, doctrine",67
Gewalt,die,"violence, force",67
Rat,der,advice,67
Institution,die,institution,67
Spitze,die,"point, top, peak",67
Konzern,der,(business) group,67
Katze,die,cat,67
Pferd,das,horse,67
Fußball,der,"football, soccer",67
Weltmeisterschaft,die,world championship,67
Konsequenz,die,consequence,68
Stuhl,der,chair,68
Feuer,das,fire,68
Ausländer,der,foreigner,68
Aktion,die,"action, campaign",68
Gymnasium,das,secondary school,68
Verband,der,"association, bandage",68
Juli,der,July,68
Tor,das,"gate, goal",68
Nase,die,nose,68
Ausgabe,die,"distribution, edition, expenses",68
Anlass,der,"occasion, cause",68
Süden,der,south,68
Aktie,die,share (finance),68
Trainer,der,"trainer, coach",69
Telefon,das,telephone,69
Führung,die,"management, command, leadership",69
Club,der,club,69
Nachbar,der,neighbour,69
Medizin,die,medicine,69
Terrorismus,der,terrorism,69
Software,die,software,69
Stufe,die,"step, level",69
Bundesland,das,"federal state, province",69
Fluss,der,river,69
Geschwindigkeit,die,speed,69
Gut,das,"estate, good(s)",69
Zweifel,der,doubt,70
Effekt,der,effect,70
Messe,die,"(trade) fair, mass",70
Bad,das,"bath, bathroom, spa",70
Belastung,die,"load, strain",70
Vorschrift,die,"instruction, regulation",70
Umfang,der,"circumference, size, extent",70
Bus,der,bus,70
Anforderung,die,"request, demand",70
Kommission,die,"commission, committee",71
Fahrrad,das,bicycle,71
Mangel,der,"lack, shortage, defect",71
Richter,der,judge,71
Anbieter,der,supplier,71
Terrorist,der,terrorist,71
Urteil,das,"sentence, judgment",71
Krankenhaus,das,hospital,71
Schmerz,der,"pain, aching",72
Schuld,die,"guilt, debt",72
Jugend,die,youth,72
Fleisch,das,"meat, flesh",72
Juni,der,June,72
Stimmung,die,"mood, atmosphere",72
Wein,der,wine,72
Welle,die,wave,72
Tasche,die,"pocket, bag",72
Decke,die,1) ceiling; 2) blanket,72
Fisch,der,fish,72
Wettbewerb,der,competition,72
Tante,die,aunt,73
Temperatur,die,temperature,73
Leser,der,reader,73
Auswirkung,die,effect,73
Bedürfnis,das,need (not Bedarf),73
Wetter,das,weather,73
Ware,die,goods,73
Alternative,die,alternative,73
Haltung,die,"posture, attitude",73
Waffe,die,weapon,73
Ahnung,die,"suspicion, idea",74
Quelle,die,"source, spring",74
Manager,der,manager,74
Loch,das,hole,74
Kleid,das,dress,74
Regen,der,rain,74
Spieler,der,player,74
Brust,die,breast,74
Religion,die,religion,74
Länge,die,length,74
Koalition,die,coalition,74
Einführung,die,introduction,74
Förderung,die,"support, sponsorship",74
Fahrt,die,"drive, trip",74
Wissenschaftler,der,"scholar, scientist",75
Vorwurf,der,"reproach, accusation",75
April,der,April,75
Bier,das,beer,75
Summe,die,sum,75
Tourist,der,tourist,75
Bundesregierung,die,federal government,75
Verwendung,die,use,75
Strom,der,"stream, current, electricity",75
Test,der,test,75
Vertrauen,das,"trust, faith",75
Umsatz,der,"turnover, sales",75
Termin,der,"appointment, date",75
Realität,die,reality,76
Leid,das,"sorrow, grief",76
Landwirtschaft,die,agriculture,76
Krise,die,crisis,76
Pause,die,"pause, break",76
Phänomen,das,phenomenon,76
Suche,die,search,76
Parlament,das,parliament,76
Perspektive,die,"perspective, prospects",76
Merkmal,das,feature,76
März,der,March,76
Lied,das,song,76
Konzert,das,concert,76
Botschaft,die,message,77
Brot,das,bread,77
Fortschritt,der,progress,77
Formel,die,formula,77
Weltkrieg,der,world war,77
Aufbau,der,"construction, structure",77
Arbeitgeber,der,employer,77
August,der,August,77
Flasche,die,bottle,77
Bestimmung,die,"regulation, purpose, fate",77
Pflicht,die,duty,78
Teilnehmer,der,participant,78
Wille,der,will,78
Nachfrage,die,demand,78
Mühe,die,"effort, trouble",78
Hauptstadt,die,capital city,78
Geburtstag,der,birthday,78
Gegenwart,die,present,78
Studiengang,der,course of study,78
Debatte,die,debate,78
Gegner,der,"opponent, competitor, enemy",79
Weile,die,while (period of time),79
Käufer,der,buyer,79
Kilogramm,das,kilogram,79
Hinsicht,die,respect,79
Betrag,der,amount,79
Fremdsprache,die,foreign language,79
Adresse,die,address,79
Verwaltung,die,administration,79
Heimat,die,"home, hometown, homeland",80
Konkurrenz,die,competition,80
Kino,das,"cinema, movie theatre",80
Hals,der,"neck, throat",80
Ablauf,der,"expiry, action",80
Schwerpunkt,der,"main emphasis, center of gravity",80
Kauf,der,purchase,80
Mathematik,die,mathematics,80
Streit,der,"argument, fight",80
Verhandlung,die,negotiation (not Vermittlung),80
Schicht,die,"layer, class",80
Gemeinschaft,die,community (not Gemeinde),81
Gegenteil,das,opposite (not Gegensatz),81
Platte,die,"disk, recorder, plate",81
Minister,der,minister,81
Nachteil,der,disadvantage,81
Management,das,management,81
Millimeter,der,millimetre,81
Sitz,der,1) seat; 2) headquarters,81
Erwachsene,der/die,"adult, grown-up",81
Kanzler,der,chancellor,81
Fahrer,der,driver,81
Handel,der,trade (not Handwerk),81
Drittel,das,"third, one-third",81
Arbeitnehmer,der,employee,81
Gewerkschaft,die,trade union,81
Beamte,der/die,"official, civil cervant",82
Verdacht,der,suspicion,82
Start,der,"start, take-off, launch",82
Vogel,der,bird,82
Widerstand,der,"resistance, opposition",82
Tourismus,der,tourism,82
Tabelle,die,"table, chart",82
Spanisch,das,Spanish (language),82
Steuer,das/die,"steering wheel, helm; tax",83
Polizist,der,policeman,83
Schriftsteller,der,writer,83
Investition,die,investment,83
Planung,die,"planning, plan",83
Bundestag,der,Lower House of Parliament,83
Therapie,die,therapy,83
Türkish,das,Turkish (language),83
Überlegung,die,"thought, thinking",83
Stärke,die,strength,83
Einnahme,die,"income, receipts, revenue",84
Bewusstsein,das,consciousness,84
Verletzung,die,injury,84
Abgeordnete,der/die,member of parliament/congress,84
Beschreibung,die,description,84
Erkrankung,die,"illness, disease",84
Flughafen,der,airport,84
Fläche,die,"area, surface",84
Armee,die,army,84
Verkehr,der,traffic,84
Anschluss,der,"connection (TV, internet)",84
Boot,das,boat,84
Gehirn,das,brain,84
Gesundheit,die,health,84
Atmosphäre,die,atmosphere,84
Auswahl,die,"choice, selection",84
Bahnhof,der,(railway) station,85
Wechsel,der,change,85
Park,der,park,85
Stirn,die,forehead,85
PC,der,"PC, computer",85
Strategie,die,strategy,85
Alltag,der,"workday, daily routine",85
Bundeskanzler,der,federal chancellor,85
Auftritt,der,"appearance, entrance (on stage)",85
Demokratie,die,democracy,85
Saison,die,season,85
Post,die,"mail, post office",85
Physik,die,physics,85
Standort,der,"site, location",86
Verlag,der,publishing company,86
Zeitraum,der,period of time,86
Pfarrer,der,pastor,86
Schicksal,das,fate,86
Hersteller,der,"manufacturer, producer",86
Erwartung,die,expectation,86
Schrift,die,"script, handwriting",86
Niveau,das,"level, standard",86
Liste,die,list,86
Holz,das,wood,86
Knie,das,knee,86
Kombination,die,combination,86
Fotografie,die,photography,86
Fahrzeug,das,vehicle,86
Forscher,der,researcher,87
Radio,das,radio,87
Beweis,der,"proof, evidence",87
Detail,das,detail,87
Kasse,die,"cash register, checkout",87
Organismus,der,organism,87
Kategorie,die,category,87
Integration,die,integration,87
Abteilung,die,department,87
Dimension,die,dimension,87
Gewicht,das,weight,88
Frühjahr,das,spring (not Frühling),88
Beratung,die,"advice, discussion, consultation",88
Beschäftigung,die,"employment, job, activity, occupation",88
Verbesserung,die,improvement,88
Unfall,der,accident,88
Februar,der,February,88
Verpflichtung,die,"commitment, obligation",88
Bundesrat,der,Upper House of Parliament,88
Betrachtung,die,"contemplation, examination",88
Bedarf,der,"need, demand (not Bedürfnis)",88
Abitur,das,"school leaving exam, A levels",88
Bewertung,die,assessment,89
Wesen,das,"being, creature, nature (of sth)",89
Mittelpunkt,der,"midpoint, centre of focus",89
Arbeitslosigkeit,die,unemployment,89
Kompetenz,die,"competence, authority",89
Bezeichnung,die,"designation, name, term",89
Vermögen,das,"assets, fortune, ability",89
Treppe,die,stairs,89
Journalist,der,journalist,89
Beteiligung,die,participation,89
Lebensmittel,das,"food, groceries",89
Strand,der,beach,89
Spiegel,der,mirror,89
Beobachtung,die,obervation,89
Star,der,"star, celebrity, starling",90
Teilchen,das,particle,90
Nutzen,der,"benefit, profit, use",90
Ministerpräsident,der,"prime minister, minister president",90
Lippe,die,lip,90
Taste,die,"key, button",90
Signal,das,signal,90
Ruf,der,1) call; 2) reputation,90
Standard,der,standard,90
Substanz,die,substance,90
Geschäftsführer,der,shop manager,90
Gebrauch,der,use,90
Russe,der,Russian,90
Brücke,die,bridge,90
Oberfläche,die,surface,91
Initiative,die,initiative,91
Glaube,der,"faith, belief",91
Experiment,das,experiment,91
Vorbereitung,die,preparation,91
Anwalt,der,"attorney, lawyer",91
Vordergrund,der,foreground,91
Grundsatz,der,principle,91
Rennen,das,race,91
Versicherung,die,"insurance, assurance",91
Komponente,die,component,91
Reich,das,"empire, kingdom",91
Viertel,das,"quarter, district",92
Verkauf,der,sale,92
Schuh,der,shoe,92
Seminar,das,seminar,92
Truppe,die,"troupe, troops, unit",92
Spannung,die,"suspense, tension",92
Technologie,die,technology,92
Umfeld,das,milieu,92
Schlag,der,blow,92
Sendung,die,broadcast,92
Vorjahr,das,previous year,92
Verbraucher,der,consumer,92
Kanal,der,"canal, channel",93
Schlaf,der,sleep,93
Erlebnis,das,experience,93
Bilanz,die,balance sheet,93
Sender,der,"sender, broadcasting station",93
Plus,das,plus,93
Quartal,das,quarter of the year,93
Rechner,der,"calculator, computer",93
Kredit,der,credit,93
Karriere,die,career,93
Kamera,die,camera,93
Identität,die,identity,93
Rad,das,wheel,93
Grundstück,das,plot of land,93
Verlauf,der,course,94
TV,das,TV,94
Bewohner,der,"inhabitant, occupant",94
Erziehung,die,"upbringing, education",94
Zigarette,die,cigarette,94
Atem,der,breath,94
Auffassung,die,point of view,94
Aktionär,der,shareholder,94
Charakter,der,character,94
Geburt,die,birth,94
Einkommen,das,income,94
Tal,das,valley,94
Tiefe,die,depth,94
Schnee,der,snow,95
Sitzung,die,"meeting, session",95
Service,der,service,95
Schülerin,die,schoolgirl,95
Sturm,der,storm,95
Halle,die,hall,95
Reform,die,reform,95
Herausforderung,die,challenge,95
Niederlage,die,defeat,95
Schauspieler,der,actor,95
Mittag,der,"noon, midday",95
Informationstechnologie,die,IT,95
Norm,die,norm,95
Restaurant,das,restaurant,95
Träne,die,tear,96
Außenminister,der,foreign minister,96
Arzneimittel,das,medicine,96
Annahme,die,"acceptance, assumption",96
Zustimmung,die,approval,96
Zufall,der,"chance, coincidence",96
Benutzer,der,user,96
Trauer,die,grief,96
Vorstand,der,"board, chairperson",96
Bescheid,der,"information, reply",96
Argument,das,argument,96
Angehörige,der/die,"member, relative",96
Blume,die,flower,97
Fraktion,die,parliamentary party,97
Grundgesetz,das,basic law,97
Bundeswehr,die,Armed Forces,97
Individuum,das,individual,97
Existenz,die,existence,97
Händler,der,"trader, dealer, retailer",97
Katastrophe,die,catastrophe,97
Disziplin,die,discipline,97
Versorgung,die,"supply, care",98
Umsetzung,die,"transfer, implementation",98
Papa,der,daddy,98
Sand,der,sand,98
Opposition,die,opposition,98
Tendenz,die,trend,98
Musiker,der,musician,98
Motiv,das,motive,98
Verkäufer,der,salesman,98
Training,das,training,98
Personal,das,staff,98
Station,die,station,98
Wandel,der,change,99
Ausmaß,das,"extent, size",99
Angelegenheit,die,"matter, affair",99
Auskunft,die,information,99
Fleck,der,stain,99
Wunder,das,"wonder, miracle",99
Begründung,die,"explanation, justification",99
Engagement,das,commitment,99
Entfernung,die,distance,99
Koffer,der,suitcase,100
Unternehmer,der,employer,100
Immunsystem,das,immune system,100
Griechisch,das,Greek (language),100
Video,das,video,100
Not,die,"need, trouble",100
Persönlichkeit,die,"personality, celebrity",100
Seele,die,"soul, mind",100
Schlüssel,der,key,100
Schreibtisch,der,desk,100
Unternehmung,die,"undertaking, venture",100
Vereinbarung,die,agreement,100
Handlung,die,"action, plot",100
Ferne,die,distance,101
Café,das,"café, coffee house",101
Erzählung,die,"narration, story",101
Wahrnehmung,die,perception,101
Gedicht,das,poem,101
Äußerung,die,comment,101
Angestellte,der/die,employee,101
Datei,die,data file,101
Begegnung,die,"encounter, meeting",101
Dienstleistung,die,service,101
Vielzahl,die,multitude,102
Träger,der,"holder, responsible body",102
Tonne,die,"ton, barrel",102
Trend,der,trend,102
Kanton,der,"canton (Switzerland), province",102
Keller,der,"cellar, basement",102
Gründung,die,foundation,102
Verwandte,der/die,relative,102
Operation,die,operation,102
Qualifikation,die,qualification,102
Konto,das,account,102
Variante,die,"variant, variation",102
Vielfalt,die,diversity,102
Sammlung,die,collection,102
Aufwendungen,die,expenditure,103
Berechnung,die,calculation,103
Zahlung,die,payment,103
Bestand,der,"continuation, stock, supply",103
Arbeiter,der,worker,103
Entwurf,der,"sketch, design, draft",103
Bauch,der,belly,103
Aufwand,der,"expense, effort",103
Entwicklungsland,das,developing country,103
Kern,der,"seed, core, nucleus",104
Hose,die,"trousers, pants",104
Impuls,der,"impulse, stimulus",104
Finanzierung,die,financing,104
Kapital,das,capital (economics),104
Fachhochschule,die,technical college (of higher education),104
Fernseher,der,television set,104
Motor,der,"motor, engine",104
Rang,der,"standing, status",104
Zahn,der,tooth,105
Republik,die,republic,105
Salz,das,salt,105
Wahlkampf,der,election campaign,105
Schilling,der,shilling (former unit of Austrian currency),105
Wolke,die,cloud,105
Behinderung,die,"obstruction, handicap",105
Stil,der,style,105
Regisseur,der,(film) director,105
Anstrengung,die,effort,105
Vermittlung,die,"negotiation, placement (not Verhandlung)",105
Kooperation,die,cooperation,106
Einwohner,der,inhabitant,106
Bord,der,board,106
Symbol,das,symbol,106
Trennung,die,separation,106
Eingriff,der,"intervention, interference",106
Dichter,der,"writer, poet",106
Fan,der,"fan, supporter",106
Hütte,die,"hut, cabin",106
Stasi,die,state security service,106
Täter,der,"culprit, perpetrator",106
Übertragung,die,"transmission, broadcast",106
Handy,das,mobile phone,106
Tour,die,"tour, trip",106
Berücksichtigung,die,consideration,106
Verfassung,die,constitution,107
Architekt,der,architect,107
Aufmerksamkeit,die,attention,107
Beschluss,der,"decision, resolution",107
Absicht,die,intention,107
Zeitschrift,die,"magazine, journal",107
Griff,der,"handle, grip, grasp",108
Feind,der,enemy,108
Geschlecht,das,"sex, gender",108
Erweiterung,die,"expansion, extension",108
Flüchtling,der,refugee,108
Bindung,die,"relationship, attachment",108
Business,das,business,108
Ehegatte,der,husband,108
Gläubiger,der,"creditor, believer",108
Halt,der,"stop, hold",108
Einschätzung,die,"opinion, assessment, evaluation",108
Bibel,die,bible,108
Entstehung,die,origin,108
Gewissen,das,conscience,108
Elektron,das,electron,108
Flucht,die,"flight, escape",108
Börse,die,stock market,108
Marketing,das,marketing,109
Nebenwirkung,die,side effect,109
Kindergarten,der,"kindergarten, nursery school",109
Infektion,die,infection,109
Orchester,das,orchestra,109
Mantel,der,coat,109
Nationalsozialist,der,"National Socialist, Nazi",109
Kontinent,der,continent,109
Klima,das,climate,109
Hemd,das,shirt,109
Mut,der,courage,109
Paket,das,"parcel, package",109
Kündigung,die,"termination, (notice of) dismissal",109
Oper,die,opera,109
Vorgehen,das,action,110
Übergang,der,"crossing, transition",110
Ressource,die,resource,110
Scheibe,die,"disc, slice, (glass) pane",110
Vorbild,das,"model, example (not Vorlage)",110
Stille,die,"silence, peace",110
These,die,thesis,110
Transport,der,transportation,110
Widerspruch,der,"contradiction, dissent",110
Revolution,die,revolution,110
Richtlinie,die,guideline,110
Stress,der,stress,110
Rückkehr,die,return,110
Distanz,die,distance,111
Aufenthalt,der,"stay, residence",111
Besitz,der,"property, possession",111
Alkohol,der,alcohol,111
Ball,der,ball,111
Wüste,die,desert,111
Frist,die,"time period, deadline",111
Aussicht,die,"prospect, view",111
Ei,das,egg,111
Bemerkung,die,"remark, comment",111
Anerkennung,die,recognition,111
Chemie,die,chemistry,111
Presse,die,press,112
Höhepunkt,der,"hight point, peak",112
Kreuz,das,cross,112
Geschenk,das,gift,112
Horizont,der,horizon,112
Notwendigkeit,die,necessity,112
Gestaltung,die,"design, organisation",112
Heim,das,home,112
Konferenz,die,conference,112
Organ,das,organ,112
Rechtsprechung,die,jurisdiction,113
Zeile,die,line,113
Übung,die,"exercise, practice",113
Ring,der,ring,113
Regal,das,shelf,113
Vortrag,der,lecture (not Vorlesung),113
Gehalt,der/das,"meaning, contents; salary",114
Eingang,der,entrance,114
Freundschaft,die,friendship,114
Ferien,die,"holidays, vacation",114
Fragestellung,die,problem,114
Erscheinung,die,"phenomen, appearance",114
Geheimnis,das,secret,114
Flug,der,flight,114
Besitzer,der,owner,114
Ausführung,die,"implentation, type",114
Center,das,centre,114
Frühstück,das,breakfast,114
Miete,die,rent,115
Phantasie,die,"imagination, fantasy",115
Hut,die/der,care; hat,115
Klage,die,"complaint, lawsuit",115
Protein,das,protein,115
Geräusch,das,"sound, noise",115
Geschmack,der,taste,115
Pass,der,"pass, passport",115
Öl,das,oil,115
Gold,das,gold,115
Medikament,das,"medicine, drug",115
Lehrerin,die,teacher,115
Klinik,die,"clinic, hospital",115
Interpretation,die,interpretation,115
Hafen,der,harbour,115
Prognose,die,prognosis,115
Marke,die,"brand, stamp",115
Vorgabe,die,guideline,116
Schreck,der,"fright, shock",116
Abhängigkeit,die,dependence,116
Weihnachten,das,Christmas,116
Turm,der,tower,116
Serie,die,series,116
Protokoll,das,"protocol, minutes, record",116
Wende,die,"change, turn, turnaround",116
Tee,der,tea,116
Überzeugung,die,conviction,116
Dialog,der,dialogue,117
Arbeitsmarkt,der,labour market,117
Ärger,der,"annoyance, trouble",117
Betreuung,die,care,117
Bombe,die,bomb,117
Austausch,der,exchange,117
Hitze,die,heat,118
Gen,das,gene,118
Maler,der,painter,118
E-Mail,die,e-mail,118
Gas,das,gas,118
Leib,der,body,118
Entschuldigung,die,"apology, excuse",118
Konzentration,die,concentration,118
Erhöhung,die,increase,118
Kindheit,die,childhood,118
Klavier,das,piano,118
Pilot,der,pilot,119
Resultat,das,result,119
Stock,der,"stick, floor (of building)",119
Milch,die,milk,119
Riese,der,giant,119
Übersetzer,der,translator,119
Umfrage,die,survey,119
Strafe,die,punishment,119
Ufer,das,"shore, bank",119
Menschheit,die,humanity,119
Mord,der,murder,119
Großmutter,die,grandmother,120
Gesichtspunkt,der,point of view,120
Dutzend,das,dozen,120
Ernährung,die,"food, diet",120
Baby,das,baby,120
Differenz,die,difference,120
Dunkelheit,die,darkness (long form),120
Eis,das,"ice, ice cream",120
City,die,city centre,120
Empfang,der,reception,120
Empfänger,der,recipient,120
Franzose,der,"Frenchman, French",120
Hochzeit,die,wedding,120
Herkunft,die,origin,120
Onkel,der,uncle,121
Konkurrent,der,competitor,121
Potenzial,das,potential,121
Muster,das,"pattern, model, sample",121
Protest,der,protest,121
Reiz,der,"stimulus, appeal",121
Hunger,der,hunger,121
Note,die,"note, grade",121
Last,die,"load, burden",121
Lebensjahr,das,year (of one's life),121
Mischung,die,mixture,121
Sachverhalt,der,facts,121
Medium,das,medium,121
Nachfolger,der,successor,121
Konjunktur,die,economic situation,121
Rohstoff,der,raw material,121
Sicherung,die,"securing, protection, fuse",122
Verarbeitung,die,processing,122
Turnier,das,tournament,122
Schuss,der,shot,122
Verteilung,die,distribution,122
Übernahme,die,takeover,122
Veröffentlichung,die,publication,122
Witz,der,joke,122
Sieger,der,winner,122
Taxi,das,taxi,122
Wiedervereinigung,die,reunification,122
Abschied,der,"departure, parting",122
Strahlung,die,radiation,122
Statistik,die,statistics,122
Bewerber,der,applicant,123
Benutzung,die,use,123
Ertrag,der,"yield, earnings",123
Flur,der,"hall, corridor",123
Herstellung,die,production,123
Held,der,hero,123
Defizit,das,deficit,123
Format,das,format,123
Beurteilung,die,judgement,123
Einschränkung,die,restriction,123
Christ,der,Christian,123
Küste,die,coast,124
Kleidung,die,clothes,124
Kneipe,die,"pub, bar",124
Kette,die,chain,124
Messung,die,"measuring, measurement",124
Kammer,die,(small) room,124
Messer,das,knife,124
Kaiser,der,emperor,124
Motto,das,motto,124
Kritiker,der,critic,124
Japanisch,das,Japanese (language),124
Moslem,der,Muslim,124
Nutzer,der,user,124
Top,das,top,125
Saal,der,hall,125
Quadratmeter,der,square metre,125
Schwäche,die,weakness,125
Passagier,der,passenger,125
Premiere,die,opening night,125
Verbreitung,die,spread,125
Probe,die,"sample, test, rehearsal",125
Tuch,das,cloth,125
Überraschung,die,surprise,125
Tennis,das,tennis,125
Sektor,der,sector,125
Symptom,das,symptom,125
Sprung,der,jump,125
Übersetzung,die,translation,125
Zelt,das,tent,126
Wiese,die,meadow,126
Wärme,die,warmth,126
Auflösung,die,"dissolving, breaking up",126
Anhänger,der,"supporter, trailer (auto)",126
Werbung,die,advertising,126
Vorlage,die,"draft, model (not Vorbild)",126
Aufklärung,die,"enlightenment, solution",126
Anzeige,die,"display, adverisement",126
Virus,das,virus,126
Vorhaben,das,"plan, project",126
Einigung,die,agreement,127
Einsicht,die,"view, insight (not Einblick)",127
Bündnis,das,alliance,127
Dialekt,der,dialect,127
Bube,der,boy,127
Gleichung,die,equation,127
Geste,die,gesture,127
Durchführung,die,carrying out,127
Bestellung,die,"order, reservation",127
Gedächtnis,das,memory,127
Burg,die,castle,127
Gefängnis,das,prison,127
Mitteilung,die,"communication, announcement",128
Meldung,die,report,128
Nahrung,die,"nourishment, food",128
Infrastruktur,die,infrastructure,128
Schein,der,"light, appearance, certificate",128
Philosophie,die,philosophy,128
Schnitt,der,cut,128
Offizier,der,officer,128
Nebel,der,fog,128
Mission,die,mission,128
Oma,die,grandma,128
Katalog,der,catalogue,128
Schnittstelle,die,interface,128
Sehnsucht,die,longing,128
Schulden,die,"liabilities, debt",128
Herrschaft,die,"power, reign",128
Realisierung,die,"realisation, implementation",128
Stadion,das,stadium,129
Tipp,der,"tip, hint",129
Wurzel,die,root,129
Wunde,die,wound,129
Skandal,der,scandal,129
Wiedersehen,das,reunion,129
Zeugnis,das,"report, testimonial",129
Zeuge,der,witness,129
Bundesliga,die,"(sport) bundesliga, national division",130
Befehl,der,"command, order",130
Bereitschaft,die,willingness,130
Bogen,der,"bow, arc, sheet",130
Ehre,die,honour,130
Anpassung,die,"adjustment, adaptation",130
Anblick,der,sight,130
Arbeitsamt,das,employment office,130
Droge,die,drug,130
Beschwerde,die,complaint,130
Anliegen,das,request,130
Eigentum,das,"property, possession",130
Anstieg,der,"rise, increase",130
Formulierung,die,formulation,131
Gelände,das,"ground, site",131
Geliebte,der/die,lover,131
Einzelfall,der,individual case,131
Inszenierung,die,"production, staging",131
Feststellung,die,"observation, remark",131
Kiste,die,"box, crate",131
Knochen,der,bone,131
Geschwister,die,siblings,131
Kapitän,der,captain,131
Gramm,das,gram,131
Erreger,der,"(disease) agent, virus, germ",131
Kontext,der,context,131
Epoche,die,epoch,131
Show,die,show,132
Mörder,der,murderer,132
Mode,die,fashion,132
Lohn,der,"wage, pay, reward",132
Magen,der,stomach,132
Stiftung,die,"foundation, institute, donation",132
Kunstwerk,das,work of art,132
Öffnung,die,"opening, hole",132
Reflexion,die,reflection,132
Lastkraftwagen (LKW),der,truck,132
Rente,die,pension,132
Lebewesen,das,living being,132
Rathaus,das,town hall,132
Partie,die,game,132
Zone,die,zone,133
Wechselwirkung,die,interaction,133
Zins,der,(bank) interest,133
Version,die,version,133
Unterscheidung,die,"differentiation, distinction",133
Abbau,der,"reduction, dismantling, mining",133
Agentur,die,agency,133
Akademie,die,academy,133
Teller,der,plate,133
Wähler,der,voter,133
Zettel,der,"piece of paper, note",133
Anfrage,die,"inquiry, request",133
Dokument,das,document,134
Aufführung,die,performance,134
Buchstabe,der,letter (of the alphabet),134
Ausbau,der,"extension, consolidation",134
Einzelheit,die,detail,134
Auflage,die,"edition, condition, plating",134
Bär,der,bear,134
Bedenken,das,"concern, doubt",134
Fusion,die,"fusion, merger",135
Gleichgewicht,das,balance,135
Kurve,die,curve,135
Labor,das,laboratory,135
Landkreis,der,district,135
Finanzminister,der,finance minister,135
Geruch,der,smell,135
Führer,der,"leader, guide",135
Erfüllung,die,fulfilment,135
Kollegin,die,colleague,135
Komponist,der,composer,135
Investor,der,investor,135
Kerl,der,"fellow, bloke",135
Profi,der,"pro, professional",136
Märchen,das,fairy tale,136
Pflege,die,care,136
Regime,das,regime,136
Plattform,die,platform,136
Möbel,das,(piece of) furniture,136
Mittelalter,das,Middle Ages,136
Rock,der,1) skirt; 2) rock music,136
Posten,der,"post, position",136
Ofen,der,"oven, stove",136
Schrank,der,"cabinet, wardrobe",136
Nerv,das,nerve,136
Rücktritt,der,resignation,136
Moderne,die,modern age,136
Vorhang,der,curtain,137
Winkel,der,"angle, corner",137
Unsicherheit,die,uncertainty,137
Status,der,status,137
Topf,der,pot,137
Tanz,der,dance,137
Zitat,das,"quotation, quote",137
Sekretärin,die,secretary,137
Staub,der,dust,137
Sportler,der,athlete,137
Solidarität,die,solidarity,137
Stabilität,die,stability,137
Überblick,der,overview (not Übersicht),137
Abenteuer,das,adventure,138
Allianz,die,alliance,138
Abgrenzung,die,"boundary, disassociation",138
Begeisterung,die,enthusiasm,138
Akteur,der,"player, actor",138
Ausgleich,der,"balancing, compensation, change",138
Armut,die,poverty,138
Akt,der,act,138
Bezirk,der,district,138
Eröffnung,die,opening,139
Empfehlung,die,recommendation,139
Chinesisch,das,Chinese (language),139
Durchmesser,der,diameter,139
Diagnose,die,diagnosis,139
Einladung,die,invitation,139
Fels,der,"rock, cliff",139
Felsen,der,"rock, cliff",139
Dunkel,das,darkness (short form),139
Großstadt,die,large city/town,140
Hügel,der,hill,140
Hang,der,"slope, inclination",140
Fülle,die,abundance,140
Gebirge,das,"mountains, mountain range",140
Flüssigkeit,die,liquid,140
Gras,das,grass,140
Geschäftsjahr,das,financial year,140
Ingenieur,der,engineer,140
Fräulein,das,"young lady, miss",140
Kongress,der,"congress, convention",140
Friedhof,der,cemetery,140
Front,die,front,140
Orientierung,die,orientation,141
Stolz,der,pride,141
Teilnahme,die,participation,141
Nachweis,der,"proof, evidence, certificate",141
Senat,der,senate,141
Muskel,der,muscle,141
Rhythmus,der,rhythm,141
Steuerung,die,"control, steering",141
Polnisch,das,Polish (language),141
Rücksicht,die,consideration,141
Personenkraftwagen (PKW),der,"car, auto",141
Vorsicht,die,caution,142
Unterlagen,die,documents,142
Vertretung,die,"replacement, substitute",142
Wahrscheinlichkeit,die,probability,142
Vereinigung,die,"organization, association, unification",142
Universum,das,universe,142
Unterhaltung,die,"entertainment, conversation",142
Wange,die,cheek,142
Volkshochschule,die,adult education centre,142
Anordnung,die,order,143
Abstimmung,die,"vote, coordination",143
Ablehnung,die,"refusal, rejection",143
Zeichnung,die,drawing,143
Zwiebel,die,"onion, bulb",143
Zunahme,die,increase,143
Aufsatz,der,essay,143
Anregung,die,"stimulus, idea",143
Werkzeug,das,tool,143
Betrachter,der,observer,144
Backofen,der,oven,144
Befund,der,results,144
Betriebssystem,das,operating system,144
Beobachter,der,observer,144
Bildschirm,der,"screen, monitor",144
Brille,die,glasses,144
Datenverarbeitung,die,data processing,144
Bemühung,die,effort,144
Bakterie,die,bacterium,144
Blüte,die,blossom,144
Berater,der,"advisor, consultant",144
Ensemble,das,ensemble,145
Enttäuschung,die,disappointment,145
Faust,die,fist,145
Eintragung,die,"entry, registration",145
Festival,das,festival (not Fest),145
Gemüse,das,vegetables,145
Galerie,die,gallery,145
Eigentümer,der,owner,145
Lokal,das,"pub, bar",146
Lärm,der,noise,146
Liter,der,litre,146
Jazz,der,jazz,146
Höhle,die,cave,146
Hass,der,hatred,146
Innenstadt,die,"town centre, downtown",146
Konsument,der,consumer,146
Großvater,der,grandfather,146
Kohle,die,coal,146
Genehmigung,die,"approval, permit, permission",146
Kloster,das,"monastery, convent, cloister",146
Grundschule,die,primary school,146
Maßstab,der,"scale, yardstick, standard",147
Münze,die,coin,147
Praktikum,das,internship,147
Stamm,der,"trunk, stem, tribe",147
Sportart,die,"(type of) sport, discipline",147
Schuldner,der,debtor,147
Rückgang,der,"fall, decline",147
Netzwerk,das,network,147
Malerei,die,painting,147
Sack,der,sack,147
Materie,die,matter,147
Überprüfung,die,"screening, check, inspection",148
Zunge,die,tongue,148
Versammlung,die,"meeting, gathering, assembly",148
Streifen,der,"stripe, strip",148
Vermutung,die,"assumption, presumption",148
Tasse,die,cup,148
Teppich,der,carpet,148
Unsinn,der,nonsense,148
Wirtschaftspolitik,die,economic policy,148
Wäsche,die,"washing, laundry",148
Verbot,das,"ban, prohibition",148
Zeug,das,stuff,148
Werkstatt,die,"workshop, garage",148
Teufel,der,devil,148
Anweisung,die,instruction,149
Architektur,die,architecture,149
Antibiotikum,das,antibiotic,149
Ausgang,der,"exit, outcome, starting point",149
Ausflug,der,"outing, trip",149
Aufstieg,der,"climb, rise",149
Atom,das,atom,149
Ausstattung,die,"equipment, provision, furnishings",149
Anzug,der,suit,149
Bayer,der,Bavarian,149
Zwang,der,"force, pressure, compulsion",149
Biologie,die,biology,150
Besonderheit,die,"characteristic, specific feature",150
Entdeckung,die,discovery,150
Dirigent,der,(musical) conductor,150
Butter,die,butter,150
Breite,die,width,150
Betracht,der,consideration,150
Erfindung,die,invention,150
Bearbeitung,die,"editing, working, handling",150
Differenzierung,die,differentiation,150
Champion,der,champion,150
Ersatz,der,"replacement, compensation",150
Fieber,das,fever,151
Geheimdienst,der,secret service,151
Grenzwert,der,"limiting value, limit",151
Gepäck,das,luggage,151
Gesetzgeber,der,"legislator, legislature",151
Handwerk,das,"craft, trade (not Handel)",151
Helfer,der,"helper, accomplice",151
Feuerwehr,die,fire brigade,151
Gebühr,die,fee,151
Gerücht,das,rumour,151
Generalsekretär,der,Secretary-General,151
Gliederung,die,"structure, organization",151
Grab,das,grave,151
Fluggesellschaft,die,airline,151
Heft,das,notebook,151
Kompromiss,der,compromise,152
Leidenschaft,die,passion,152
Kuh,die,cow,152
Lieferung,die,delivery,152
Leiche,die,corpse,152
Intelligenz,die,intelligence,152
Kartoffel,die,potato,152
Konstruktion,die,"construction, design",152
Kreislauf,der,circulation,152
Kugel,die,"ball, sphere, bullet",152
Klang,der,"sound, tone",152
Leistungsfähigkeit,die,"productivity, power",152
Liga,die,league,152
Königin,die,queen,152
Jäger,der,hunter,152
Käse,der,cheese,152
Problematik,die,"problematic nature, problems",153
Nachwuchs,der,"offspring, new generation",153
Party,die,party,153
Schwangerschaft,die,pregnancy,153
Milligramm,das,milligram,153
Parteitag,der,party conference/convention,153
Schauspielerin,die,actress,153
Planet,der,planet,153
Olympia,das,Olympics,153
Skala,die,"scale, dial, range",153
Salon,der,"salon, drawing room",153
Schweiß,der,sweat,153
Nacken,der,neck,153
Rezession,die,recession,153
Palästinenser,der,Palestinian,153
Priester,der,priest,153
Tagebuch,das,diary,154
Tafel,die,"board, table",154
Talent,das,talent,154
Spektrum,das,spectrum,154
Unterschrift,die,signature,154
Unruhe,die,"restlessness, agitation",154
Vergnügen,das,pleasure,154
Ursprung,der,origin,154
Tempo,das,"pace, speed",154
Spalte,die,"fissure, cleft, column",154
Verbrechen,das,crime,154
Steckdose,die,"socket, electrical outlet",154
Anwesenheit,die,presence,155
Zusammensetzung,die,composition,155
Zerstörung,die,destruction,155
Abschreibung,die,"deduction, depreciation",155
Villa,die,villa,155
Aufregung,die,excitement,155
Zinssatz,der,interest rate,155
Wohnzimmer,das,living room,155
Vermieter,der,landlord,155
Achse,die,"axle, axis",155
Zulassung,die,"admission, licence",155
Verhaltensweise,die,behaviour,155
Vormittag,der,morning,155
Verordnung,die,"prescription, order",155
Vernunft,die,reason,155
Chefin,die,"director, boss",156
Autobahn,die,"expressway, motorway",156
Batterie,die,battery,156
Chor,der,"choir, chorus",156
Design,das,design,156
Ehepaar,das,married couple,156
Chaos,das,chaos,156
Erholung,die,"recovery, relaxation, rest",156
Chip,der,"chip, crisp",156
Durchschnitt,der,average,156
Einbruch,der,"break in, collapse",156
Dolmetscher,der,interpreter,156
Eintritt,der,"entry, admission",156
Europäer,der,European,157
Germanistik,die,German studies,157
Geduld,die,patience,157
Haustür,die,frontdoor,157
Fabrik,die,factory,157
Gunst,die,"goodwill, favour",157
Innenminister,der,Minister of the Interior,157
General,der,general,157
Hypothese,die,hypothesis,157
Furcht,die,fear,157
Handwerker,der,"workman, tradesman",157
Gutachten,das,"report, reference",157
Gremium,das,committee,157
Glied,das,"limb, joint, link",157
Graf,der,"count, earl",157
Italiener,der,Italian,157
Islam,der,Islam,157
Gewehr,das,"rifle, shotgun",157
Getränk,das,"drink, beverage",157
Parkplatz,der,parking place,158
Konzeption,die,conception,158
Kommentar,der,"comment, opinion",158
Magazin,das,"magazine, storehouse",158
Kasten,der,"box, crate",158
Menschenrecht,das,human right,158
Maus,die,mouse,158
Mythos,der,"myth, legend",158
Minderheit,die,minority,158
Kassette,die,"cassette, tape",158
Mieter,der,tenant,158
Naturwissenschaft,die,natural science,158
Kreativität,die,creativity,158
Marktanteil,der,market share,158
Ministerium,das,"ministry, department",158
Militär,das,military,158
Regierungschef,der,head of government,159
Spezialist,der,specialist,159
Präparat,das,"preparation, medication",159
Übersicht,die,overview (not Überblick),159
Stellvertreter,der,deputy,159
Ticket,das,ticket,159
Provinz,die,province,159
Rahmenbedingung,die,basic condition,159
Scheidung,die,divorce,159
Schönheit,die,beauty,159
Partnerschaft,die,partnership,159
Periode,die,period,159
Tunnel,der,tunnel,159
Subvention,die,subsidy,159
Steigerung,die,increase,159
Säule,die,"column, pillar",159
Vorlesung,die,lecture (not Vortrag),160
Uniform,die,uniform,160
Weiterbildung,die,continuing education,160
Unrecht,das,"injustice, wrong",160
Zielsetzung,die,"target, objective",160
Zucker,der,sugar,160
Volkswirtschaft,die,national economy,160
Block,der,block,161
Assistent,der,assistant,161
Apfel,der,apple,161
Auswertung,die,"evaluation, analysis",161
Abkommen,das,agreement,161
Beschränkung,die,restriction,161
Absolvent,der,graduate,161
Abwehr,die,defence,161
Arbeitskraft,die,"work capacity, worker",161
Bar,die,bar,161
Bekämpfung,die,"fighting, controlling",161
Bedrohung,die,threat,161
Fakt,der/das,fact,162
Frequenz,die,frequency,162
Fachbereich,der,"(academic) department, field",162
Frucht,die,fruit,162
Datum,das,date,162
Erzähler,der,"storyteller, narrator",162
Fassung,die,"version, composure, frame, socket",162
Flügel,der,wing,162
Fachleute,die,experts,162
Forum,das,"forum, audience, public discussion",162
Darlehen,das,loan,162
Erhaltung,die,"preservation, maintenance",162
Missbrauch,der,"abuse, misuse",163
Metall,das,metal,163
Motivation,die,motivation,163
Gipfel,der,"peak, summit",163
Indianer,der,American Indian,163
Hörer,der,"listener, receiver",163
Linse,die,(eye) lens,163
Jahreszeit,die,season,163
Gerechtigkeit,die,justice,163
Großteil,der,"large part, majority",163
Industrieland,das,industrial country,163
Lücke,die,gap,163
Jagd,die,"hunt, chase",163
Jacke,die,jacket,163
Lampe,die,lamp,163
Therapeut,der,therapist,164
Option,die,option,164
Respekt,der,respect,164
Rose,die,rose,164
Rucksack,der,"rucksack, backpack",164
Reichweite,die,"reach, range",164
Sozialdemokrat,der,Social Democrat,164
Ordner,der,"file, folder",164
Tablette,die,"tablet, pill",164
Tageszeitung,die,daily newspaper,164
Pistole,die,pistol,164
Reparatur,die,repair,164
Physiker,der,physicist,164
Sänger,der,singer,164
Ozean,der,ocean,164
Verknüpfung,die,"combination, link",165
Abfall,der,"waste, trash",165
Zuwachs,der,increase,165
Währung,die,currency,165
Vorfeld,das,advance,165
Akte,die,file,165
Umzug,der,"move, parade",165
Vorgänger,der,predecessor,165
Weltmeister,der,world champion,165
Veranstalter,der,organizer,165
Wut,die,"rage, fury",165
Zuordnung,die,"classification, assignment",165
Aufsichtsrat,der,supervisory board,166
Gemeinderat,der,district council,166
Anleihe,die,"loan, bond, borrowing",166
Einblick,der,insight (not Einsicht),166
Arbeitszeit,die,working hours,166
Fahne,die,flag,166
Erfassung,die,"recording, entry",166
Feier,die,celebration,166
Beachtung,die,"attention, consideration",166
Araber,der,Arab,166
Diplom,das,"degree, diploma",166
Ausgangspunkt,der,starting point,166
Fassade,die,"facade, front",166
Frühling,der,spring (not Frühjahr),166
Ausweis,der,identity card,166
Fakultät,die,faculty,166
Engel,der,angel,166
Ausrichtung,die,"orientation, organization",166
Koch,der,cook,167
Laune,die,mood,167
Kerze,die,candle,167
Nahrungsmittel,das,food,167
Landesregierung,die,state government,167
Koralle,die,coral,167
Krankenkasse,die,health insurance company,167
Gewebe,das,"fabric, tissue",167
Prinz,der,prince,167
Kommune,die,"municipality, local authority",167
Jurist,der,"jurist, law student",167
Gruß,der,greeting,167
Niederländisch,das,Dutch (language),167
Kunststoff,der,"synthetic material, plastic",167
Philosoph,der,philosopher,167
Riff,das,reef,168
Schwein,das,pig,168
Verbindlichkeit,die,"obligation, liability, reliability",168
Spruch,der,"saying, slogan",168
Stellungnahme,die,"opinion, statement",168
Relation,die,"relation, appropriateness, proportion",168
Profil,das,profile,168
Schlange,die,"snake, line",168
Selbstständigkeit,die,independence,168
Siedlung,die,"settlement, housing development",168
Strahl,der,"ray, beam",168
Strömung,die,"current, trend",168
Weib,das,woman (derogatory),169
Volumen,das,"volume, total amount",169
Bestandteil,der,component,169
Zuhörer,der,"listener, audience",169
Vitamin,das,vitamin,169
Zugriff,der,access (not Zugang),169
Ermittlung,die,investigation,169
